Year,Prosecutors,"Clerical, Paralegal, and Admin.",Victim/Witness Staff,Investigators/Officers,Other,Total Staff,"Percent of staff in clerical, paralegal, or general support positions"
2017,30.0,22.0,13.0,9.0,6.0,80.0,27.5
2018,30.0,26.0,14.0,10.0,6.0,86.0,30.23255814
2019,32.0,23.0,13.0,10.0,8.0,86.0,26.74418605
2020,35.0,24.0,13.0,11.0,10.0,93.0,25.80645161
2021,37.0,26.0,18.0,13.0,11.0,105.0,24.76190476
2022,39.0,25.0,17.0,14.0,11.0,106.0,23.58490566
2023,38.0,24.0,18.0,15.0,11.0,106.0,22.64150943
2024,36.0,24.0,18.0,15.0,11.0,104.0,23.07692308
2025,39.0,30.5,16.5,15.5,11.0,112.5,27.1111
2026,40.0,27.5,16.5,15.5,13.0,112.5,24.4444
