Filing Year,Missing,Highest income zip code cases filed,Lowest income zip code cases filed,Middle income quintile cases filed,Total Cases Filed,Percent of violent crimes occuring in highest income zip codes,Percent of violent crimes occuring in lowest income zip codes
2017,11,76,27,7,132,57.6,20.5
2018,9,84,21,6,133,63.2,15.8
2019,15,66,13,11,116,56.9,11.2
2020,20,72,27,9,145,49.7,18.6
2021,29,74,27,9,155,47.7,17.4
2022,24,71,11,11,127,55.9,8.7
2023,22,68,25,12,138,49.3,18.1
2024,31,67,12,6,127,52.8,9.4
2025,44,59,16,2,131,45.0,12.2
